,Date(UTC),Market,Type,Price,Amount,Total,Fee,Fee Coin
0,2020-05-17 17:33:05,ETHTUSD,BUY,208.1866,0.1,20.81866,0.020818660000000003,TUSD
1,2020-05-17 18:07:21,ETHTUSD,SELL,209.1539,0.1,20.915390000000002,0.020915390000000002,TUSD
2,2020-05-17 18:10:30,ETHTUSD,SELL,210.4152,0.1,21.041520000000002,0.02104152,TUSD
3,2020-05-17 18:12:44,ETHTUSD,SELL,211.7916,0.1,21.17916,0.02117916,TUSD
4,2020-05-17 18:14:44,ETHTUSD,SELL,212.6775,0.1,21.267750000000003,0.021267750000000002,TUSD
5,2020-05-17 18:15:55,ETHTUSD,BUY,213.0068,0.1,21.30068,0.02130068,TUSD
6,2020-05-17 18:18:27,ETHTUSD,SELL,213.5984,0.1,21.359840000000002,0.02135984,TUSD
7,2020-05-17 18:19:43,ETHTUSD,BUY,213.9358,0.1,21.39358,0.02139358,TUSD
8,2020-05-17 18:22:45,ETHTUSD,BUY,214.0657,0.1,21.406570000000002,0.021406570000000003,TUSD
9,2020-05-17 18:24:13,ETHTUSD,SELL,214.21400000000003,0.1,21.421400000000006,0.021421400000000007,TUSD
10,2020-05-17 18:25:30,ETHTUSD,BUY,213.8509,0.1,21.38509,0.021385090000000002,TUSD
11,2020-05-17 18:31:35,ETHTUSD,BUY,213.81599999999997,0.1,21.3816,0.0213816,TUSD
12,2020-05-17 18:33:32,ETHTUSD,BUY,213.1117,0.1,21.311170000000004,0.021311170000000004,TUSD
13,2020-05-17 18:43:00,ETHTUSD,BUY,213.8359,0.1,21.38359,0.02138359,TUSD
14,2020-05-17 18:47:02,ETHTUSD,SELL,214.0388,0.1,21.40388,0.02140388,TUSD
15,2020-05-17 18:49:58,ETHTUSD,SELL,214.7696,0.1,21.476960000000002,0.021476960000000003,TUSD
16,2020-05-17 19:02:17,ETHTUSD,SELL,214.3441,0.1,21.43441,0.02143441,TUSD
17,2020-05-17 19:10:20,ETHTUSD,SELL,215.22,0.1,21.522000000000002,0.021522000000000003,TUSD
18,2020-05-17 19:14:16,ETHTUSD,BUY,214.4803,0.1,21.448030000000003,0.021448030000000003,TUSD
19,2020-05-17 19:18:46,ETHTUSD,BUY,213.5812,0.1,21.35812,0.02135812,TUSD
20,2020-05-17 19:20:07,ETHTUSD,SELL,213.9237,0.1,21.39237,0.02139237,TUSD
21,2020-05-17 19:22:38,ETHTUSD,SELL,213.7535,0.1,21.37535,0.02137535,TUSD
22,2020-05-17 19:26:04,ETHTUSD,BUY,213.2865,0.1,21.32865,0.02132865,TUSD
23,2020-05-17 19:49:16,ETHTUSD,SELL,214.4793,0.1,21.44793,0.02144793,TUSD
24,2020-05-17 19:57:20,ETHTUSD,BUY,214.5253,0.1,21.45253,0.02145253,TUSD
25,2020-05-17 20:12:25,ETHTUSD,SELL,215.6554,0.1,21.56554,0.021565539999999998,TUSD
26,2020-05-17 20:13:32,ETHTUSD,BUY,215.829,0.1,21.582900000000002,0.021582900000000002,TUSD
27,2020-05-17 20:23:40,ETHTUSD,BUY,214.6002,0.1,21.46002,0.02146002,TUSD
28,2020-05-17 20:31:37,ETHTUSD,BUY,214.3804,0.1,21.43804,0.021438040000000002,TUSD
29,2020-05-17 20:43:49,ETHTUSD,SELL,214.3391,0.1,21.43391,0.02143391,TUSD
30,2020-05-17 20:52:30,ETHTUSD,SELL,214.8146,0.1,21.481460000000002,0.02148146,TUSD
31,2020-05-17 21:03:45,ETHTUSD,SELL,214.7746,0.1,21.47746,0.02147746,TUSD
32,2020-05-17 21:10:05,ETHTUSD,BUY,215.764,0.1,21.576400000000003,0.021576400000000003,TUSD
33,2020-05-17 21:20:58,ETHTUSD,BUY,215.8739,0.1,21.58739,0.021587389999999998,TUSD
34,2020-05-17 21:25:50,ETHTUSD,BUY,216.4783,0.1,21.64783,0.02164783,TUSD
35,2020-05-17 21:59:02,ETHTUSD,BUY,216.7031,0.1,21.67031,0.02167031,TUSD
36,2020-05-17 22:44:47,ETHTUSD,BUY,216.5482,0.1,21.65482,0.02165482,TUSD
37,2020-05-17 22:52:16,ETHTUSD,BUY,215.5392,0.1,21.55392,0.02155392,TUSD
38,2020-05-17 23:09:41,ETHTUSD,BUY,215.2645,0.1,21.52645,0.021526450000000003,TUSD
39,2020-05-17 23:10:43,ETHTUSD,BUY,213.81099999999998,0.1,21.3811,0.0213811,TUSD
40,2020-05-17 23:12:06,ETHTUSD,SELL,213.8887,0.1,21.38887,0.02138887,TUSD
41,2020-05-17 23:14:25,ETHTUSD,BUY,213.9159,0.1,21.39159,0.021391590000000002,TUSD
42,2020-05-17 23:16:21,ETHTUSD,BUY,213.9908,0.1,21.39908,0.02139908,TUSD
43,2020-05-17 23:17:35,ETHTUSD,BUY,213.6661,0.1,21.36661,0.02136661,TUSD
44,2020-05-17 23:25:16,ETHTUSD,BUY,214.0707,0.1,21.40707,0.02140707,TUSD
45,2020-05-17 23:45:18,ETHTUSD,BUY,214.5852,0.1,21.45852,0.021458520000000002,TUSD
46,2020-05-17 23:52:45,ETHTUSD,BUY,214.0407,0.1,21.40407,0.02140407,TUSD
47,2020-05-18 00:23:03,ETHTUSD,BUY,214.2206,0.1,21.422060000000002,0.021422060000000003,TUSD
48,2020-05-18 00:31:58,ETHTUSD,BUY,214.2805,0.1,21.42805,0.02142805,TUSD
49,2020-05-18 00:49:09,ETHTUSD,SELL,214.0889,0.1,21.40889,0.02140889,TUSD
50,2020-05-18 00:54:31,ETHTUSD,BUY,213.8859,0.1,21.38859,0.021388590000000002,TUSD
51,2020-05-18 01:05:40,ETHTUSD,BUY,214.2555,0.1,21.42555,0.02142555,TUSD
52,2020-05-18 01:36:36,ETHTUSD,BUY,214.83,0.1,21.483000000000004,0.021483000000000006,TUSD
53,2020-05-18 01:43:01,ETHTUSD,BUY,214.0108,0.1,21.40108,0.02140108,TUSD
54,2020-05-18 01:47:53,ETHTUSD,BUY,213.2615,0.1,21.326150000000002,0.021326150000000002,TUSD
55,2020-05-18 01:49:01,ETHTUSD,SELL,211.2911,0.1,21.12911,0.02112911,TUSD
56,2020-05-18 01:50:12,ETHTUSD,BUY,211.4983,0.1,21.14983,0.02114983,TUSD
57,2020-05-18 01:53:03,ETHTUSD,BUY,211.78799999999998,0.1,21.1788,0.0211788,TUSD
58,2020-05-18 02:16:05,ETHTUSD,BUY,212.3524,0.1,21.23524,0.021235240000000002,TUSD
59,2020-05-18 02:24:18,ETHTUSD,SELL,211.8767,0.1,21.18767,0.021187670000000002,TUSD
60,2020-05-18 02:30:51,ETHTUSD,BUY,212.2875,0.1,21.22875,0.02122875,TUSD
61,2020-05-18 02:49:52,ETHTUSD,BUY,211.3484,0.1,21.13484,0.021134840000000002,TUSD
62,2020-05-18 02:53:19,ETHTUSD,BUY,210.4344,0.1,21.043440000000004,0.021043440000000004,TUSD
63,2020-05-18 02:54:40,ETHTUSD,SELL,209.8997,0.1,20.98997,0.02098997,TUSD
64,2020-05-18 03:30:07,ETHTUSD,BUY,211.8679,0.1,21.186790000000002,0.021186790000000004,TUSD
65,2020-05-18 04:02:46,ETHTUSD,BUY,211.783,0.1,21.1783,0.0211783,TUSD
66,2020-05-18 04:12:03,ETHTUSD,BUY,212.1526,0.1,21.21526,0.02121526,TUSD
67,2020-05-18 04:25:17,ETHTUSD,BUY,211.8879,0.1,21.18879,0.021188790000000002,TUSD
68,2020-05-18 04:29:15,ETHTUSD,SELL,211.8967,0.1,21.189670000000003,0.021189670000000004,TUSD
69,2020-05-18 05:00:28,ETHTUSD,BUY,211.773,0.1,21.177300000000002,0.021177300000000003,TUSD
70,2020-05-18 05:07:33,ETHTUSD,BUY,211.2236,0.1,21.12236,0.02112236,TUSD
71,2020-05-18 05:30:07,ETHTUSD,BUY,210.7341,0.1,21.073410000000003,0.021073410000000004,TUSD
72,2020-05-18 07:03:24,ETHTUSD,BUY,211.778,0.1,21.1778,0.0211778,TUSD
73,2020-05-18 08:29:58,ETHTUSD,BUY,211.828,0.1,21.1828,0.0211828,TUSD
74,2020-05-18 08:31:12,ETHTUSD,BUY,210.2845,0.1,21.028450000000003,0.021028450000000004,TUSD
75,2020-05-18 08:32:42,ETHTUSD,SELL,210.6755,0.1,21.06755,0.02106755,TUSD
76,2020-05-18 08:56:23,ETHTUSD,BUY,211.2635,0.1,21.126350000000002,0.021126350000000002,TUSD
77,2020-05-18 09:15:11,ETHTUSD,BUY,210.9788,0.1,21.097880000000004,0.021097880000000003,TUSD
78,2020-05-18 09:22:49,ETHTUSD,BUY,209.9648,0.1,20.996480000000002,0.02099648,TUSD
79,2020-05-18 09:24:57,ETHTUSD,BUY,209.3405,0.1,20.93405,0.02093405,TUSD
80,2020-05-18 09:34:09,ETHTUSD,BUY,208.9908,0.1,20.89908,0.02089908,TUSD
81,2020-05-18 09:36:21,ETHTUSD,BUY,209.0807,0.1,20.908070000000002,0.020908070000000004,TUSD
82,2020-05-18 09:40:14,ETHTUSD,SELL,210.0198,0.1,21.001980000000003,0.021001980000000003,TUSD
83,2020-05-18 09:43:04,ETHTUSD,BUY,210.0797,0.1,21.00797,0.02100797,TUSD
84,2020-05-18 09:49:50,ETHTUSD,SELL,211.2661,0.1,21.12661,0.02112661,TUSD
85,2020-05-18 09:55:18,ETHTUSD,BUY,211.6631,0.1,21.16631,0.02116631,TUSD
86,2020-05-18 09:56:33,ETHTUSD,SELL,211.5563,0.1,21.155630000000002,0.02115563,TUSD
87,2020-05-18 10:09:38,ETHTUSD,BUY,211.6931,0.1,21.16931,0.02116931,TUSD
88,2020-05-18 10:14:50,ETHTUSD,BUY,211.753,0.1,21.1753,0.0211753,TUSD
89,2020-05-18 10:30:10,ETHTUSD,BUY,211.0288,0.1,21.10288,0.02110288,TUSD
90,2020-05-18 10:33:08,ETHTUSD,SELL,210.8506,0.1,21.08506,0.02108506,TUSD
91,2020-05-18 10:45:27,ETHTUSD,BUY,210.3245,0.1,21.03245,0.02103245,TUSD
92,2020-05-18 10:55:01,ETHTUSD,BUY,211.1287,0.1,21.11287,0.021112870000000002,TUSD
93,2020-05-18 11:00:31,ETHTUSD,BUY,211.5932,0.1,21.15932,0.021159320000000002,TUSD
94,2020-05-18 11:11:40,ETHTUSD,SELL,212.1169,0.1,21.21169,0.021211690000000002,TUSD
95,2020-05-18 12:16:55,ETHTUSD,SELL,212.1469,0.1,21.21469,0.02121469,TUSD
96,2020-05-18 12:21:47,ETHTUSD,SELL,213.1029,0.1,21.310290000000002,0.021310290000000003,TUSD
97,2020-05-18 12:55:02,ETHTUSD,SELL,212.8877,0.1,21.28877,0.02128877,TUSD
98,2020-05-18 13:01:08,ETHTUSD,BUY,212.8419,0.1,21.284190000000002,0.02128419,TUSD
99,2020-05-18 15:00:19,ETHTUSD,BUY,213.0018,0.1,21.30018,0.021300180000000002,TUSD
100,2020-05-18 15:13:39,ETHTUSD,SELL,213.6234,0.1,21.362340000000003,0.021362340000000004,TUSD
101,2020-05-18 15:18:08,ETHTUSD,BUY,214.2955,0.1,21.429550000000003,0.021429550000000002,TUSD
102,2020-05-18 15:21:14,ETHTUSD,BUY,214.3155,0.1,21.43155,0.02143155,TUSD
103,2020-05-18 15:54:40,ETHTUSD,BUY,214.4553,0.1,21.44553,0.02144553,TUSD
104,2020-05-18 16:10:21,ETHTUSD,BUY,214.3904,0.1,21.439040000000002,0.021439040000000003,TUSD
105,2020-05-18 16:35:14,ETHTUSD,BUY,214.8349,0.1,21.483490000000003,0.021483490000000004,TUSD
106,2020-05-18 17:02:04,ETHTUSD,BUY,214.3454,0.1,21.434540000000002,0.021434540000000002,TUSD
107,2020-05-18 17:04:39,ETHTUSD,BUY,213.9309,0.1,21.39309,0.02139309,TUSD
108,2020-05-18 17:10:33,ETHTUSD,BUY,212.9868,0.1,21.29868,0.02129868,TUSD
109,2020-05-18 17:20:01,ETHTUSD,BUY,212.6272,0.1,21.26272,0.021262720000000002,TUSD
110,2020-05-18 17:21:18,ETHTUSD,SELL,212.4973,0.1,21.24973,0.02124973,TUSD
111,2020-05-18 17:25:51,ETHTUSD,BUY,212.5772,0.1,21.257720000000003,0.021257720000000004,TUSD
112,2020-05-18 17:44:18,ETHTUSD,SELL,212.2721,0.1,21.22721,0.02122721,TUSD
113,2020-05-18 17:53:00,ETHTUSD,BUY,211.3934,0.1,21.139340000000004,0.021139340000000003,TUSD
114,2020-05-18 17:54:26,ETHTUSD,BUY,211.1836,0.1,21.118360000000003,0.021118360000000003,TUSD
115,2020-05-18 19:05:00,ETHTUSD,BUY,211.7181,0.1,21.17181,0.021171810000000003,TUSD
116,2020-05-18 19:16:35,ETHTUSD,SELL,210.205,0.1,21.020500000000002,0.0210205,TUSD
117,2020-05-18 19:41:45,ETHTUSD,BUY,210.9389,0.1,21.093890000000002,0.02109389,TUSD
118,2020-05-19 01:00:21,ETHTUSD,SELL,211.4462,0.1,21.144620000000003,0.021144620000000003,TUSD
119,2020-05-19 01:05:12,ETHTUSD,BUY,213.0817,0.1,21.308170000000004,0.021308170000000005,TUSD
120,2020-05-19 01:07:35,ETHTUSD,SELL,213.3231,0.1,21.332310000000003,0.021332310000000004,TUSD
121,2020-05-19 01:08:50,ETHTUSD,BUY,213.3764,0.1,21.33764,0.02133764,TUSD
122,2020-05-19 01:19:38,ETHTUSD,SELL,214.4192,0.1,21.44192,0.02144192,TUSD
123,2020-05-19 01:22:18,ETHTUSD,SELL,214.9748,0.1,21.49748,0.02149748,TUSD
124,2020-05-19 01:23:28,ETHTUSD,BUY,214.6751,0.1,21.46751,0.021467510000000002,TUSD
125,2020-05-19 01:25:14,ETHTUSD,BUY,214.5752,0.1,21.457520000000002,0.021457520000000004,TUSD
126,2020-05-19 04:17:33,ETHTUSD,SELL,215.0799,0.1,21.507990000000003,0.021507990000000005,TUSD
127,2020-05-19 04:27:55,ETHTUSD,BUY,215.3394,0.1,21.53394,0.02153394,TUSD
128,2020-05-19 05:11:47,ETHTUSD,SELL,211.0158,0.1,21.101580000000002,0.02110158,TUSD
129,2020-05-19 05:38:12,ETHTUSD,BUY,211.6681,0.1,21.16681,0.02116681,TUSD
130,2020-05-19 05:43:18,ETHTUSD,SELL,210.9057,0.1,21.09057,0.02109057,TUSD
131,2020-05-19 06:40:01,ETHTUSD,BUY,212.1676,0.1,21.21676,0.02121676,TUSD
132,2020-05-19 09:17:33,ETHTUSD,SELL,213.6584,0.1,21.365840000000002,0.021365840000000004,TUSD
133,2020-05-19 09:22:32,ETHTUSD,BUY,214.0358,0.1,21.40358,0.021403580000000002,TUSD
134,2020-05-19 13:58:06,ETHTUSD,SELL,212.0618,0.1,21.206180000000003,0.021206180000000005,TUSD
135,2020-05-19 14:32:46,ETHTUSD,BUY,212.4873,0.1,21.248730000000002,0.021248730000000004,TUSD
136,2020-05-19 15:27:30,ETHTUSD,SELL,212.9277,0.1,21.29277,0.021292770000000003,TUSD
137,2020-05-19 15:34:13,ETHTUSD,BUY,213.6162,0.1,21.361620000000002,0.02136162,TUSD
138,2020-05-19 17:15:16,ETHTUSD,SELL,214.4693,0.1,21.446930000000002,0.021446930000000003,TUSD
139,2020-05-19 17:30:15,ETHTUSD,BUY,213.796,0.1,21.3796,0.021379600000000002,TUSD
140,2020-05-19 18:29:21,ETHTUSD,SELL,213.8186,0.1,21.381860000000003,0.021381860000000003,TUSD
141,2020-05-19 18:47:22,ETHTUSD,BUY,214.2405,0.1,21.42405,0.02142405,TUSD
142,2020-05-19 20:56:27,ETHTUSD,SELL,212.7926,0.1,21.27926,0.02127926,TUSD
143,2020-05-19 23:18:20,ETHTUSD,BUY,214.0607,0.1,21.40607,0.02140607,TUSD
144,2020-05-19 23:25:12,ETHTUSD,SELL,214.6044,0.1,21.460440000000002,0.02146044,TUSD
145,2020-05-19 23:27:06,ETHTUSD,SELL,215.1549,0.1,21.51549,0.02151549,TUSD
146,2020-05-19 23:32:50,ETHTUSD,BUY,214.8499,0.1,21.48499,0.02148499,TUSD
147,2020-05-19 23:44:15,ETHTUSD,BUY,214.5352,0.1,21.45352,0.02145352,TUSD
148,2020-05-20 01:36:12,ETHTUSD,SELL,213.7636,0.1,21.376360000000002,0.021376360000000004,TUSD
149,2020-05-20 01:46:14,ETHTUSD,BUY,213.9608,0.1,21.39608,0.02139608,TUSD
150,2020-05-20 04:44:20,ETHTUSD,SELL,213.188,0.1,21.3188,0.0213188,TUSD
151,2020-05-20 08:00:56,ETHTUSD,BUY,213.5163,0.1,21.35163,0.02135163,TUSD
152,2020-05-20 08:21:29,ETHTUSD,SELL,207.4923,0.1,20.74923,0.02074923,TUSD
153,2020-05-20 08:23:07,ETHTUSD,BUY,208.796,0.1,20.8796,0.0208796,TUSD
154,2020-05-20 08:24:38,ETHTUSD,SELL,208.7736,0.1,20.87736,0.02087736,TUSD
155,2020-05-20 08:26:03,ETHTUSD,BUY,208.8509,0.1,20.88509,0.020885090000000002,TUSD
156,2020-05-20 08:27:27,ETHTUSD,SELL,209.2941,0.1,20.92941,0.020929410000000002,TUSD
157,2020-05-20 08:30:02,ETHTUSD,BUY,209.7051,0.1,20.97051,0.02097051,TUSD
158,2020-05-20 08:31:49,ETHTUSD,SELL,209.8196,0.1,20.98196,0.02098196,TUSD
159,2020-05-20 08:33:02,ETHTUSD,BUY,209.5802,0.1,20.95802,0.02095802,TUSD
160,2020-05-20 08:49:22,ETHTUSD,SELL,208.9938,0.1,20.89938,0.020899380000000002,TUSD
161,2020-05-20 08:50:26,ETHTUSD,BUY,208.1616,0.1,20.81616,0.02081616,TUSD
162,2020-05-20 08:52:30,ETHTUSD,SELL,206.9567,0.1,20.695670000000003,0.020695670000000003,TUSD
163,2020-05-20 08:54:15,ETHTUSD,BUY,208.1716,0.1,20.81716,0.02081716,TUSD
164,2020-05-20 08:55:35,ETHTUSD,SELL,208.218,0.1,20.8218,0.0208218,TUSD
165,2020-05-20 08:56:51,ETHTUSD,BUY,207.8919,0.1,20.78919,0.020789190000000003,TUSD
166,2020-05-20 09:01:09,ETHTUSD,SELL,206.5914,0.1,20.65914,0.02065914,TUSD
167,2020-05-20 09:03:10,ETHTUSD,SELL,207.6575,0.1,20.76575,0.02076575,TUSD
168,2020-05-20 09:07:14,ETHTUSD,SELL,208.3932,0.1,20.83932,0.02083932,TUSD
169,2020-05-20 09:13:08,ETHTUSD,BUY,208.4963,0.1,20.84963,0.02084963,TUSD
170,2020-05-20 09:41:20,ETHTUSD,BUY,209.0358,0.1,20.90358,0.02090358,TUSD
171,2020-05-20 09:45:42,ETHTUSD,BUY,208.6561,0.1,20.865610000000004,0.020865610000000003,TUSD
172,2020-05-20 11:23:16,ETHTUSD,SELL,209.5644,0.1,20.95644,0.02095644,TUSD
173,2020-05-20 14:05:12,ETHTUSD,SELL,210.5654,0.1,21.056540000000002,0.021056540000000002,TUSD
174,2020-05-20 15:31:05,ETHTUSD,BUY,209.6601,0.1,20.96601,0.02096601,TUSD
175,2020-05-20 16:26:29,ETHTUSD,BUY,209.785,0.1,20.9785,0.0209785,TUSD
176,2020-05-20 16:38:15,ETHTUSD,SELL,209.5794,0.1,20.95794,0.02095794,TUSD
177,2020-05-20 17:14:42,ETHTUSD,SELL,210.4202,0.1,21.04202,0.02104202,TUSD
178,2020-05-20 17:16:21,ETHTUSD,BUY,210.78400000000002,0.1,21.078400000000002,0.021078400000000004,TUSD
179,2020-05-20 17:27:40,ETHTUSD,SELL,211.0909,0.1,21.109090000000002,0.021109090000000004,TUSD
180,2020-05-20 17:35:04,ETHTUSD,SELL,211.25099999999998,0.1,21.1251,0.0211251,TUSD
181,2020-05-20 18:15:01,ETHTUSD,SELL,211.1059,0.1,21.110590000000002,0.021110590000000002,TUSD
182,2020-05-20 19:00:17,ETHTUSD,SELL,210.3652,0.1,21.03652,0.02103652,TUSD
183,2020-05-20 19:43:34,ETHTUSD,BUY,209.7201,0.1,20.97201,0.020972010000000003,TUSD
184,2020-05-20 20:01:42,ETHTUSD,BUY,209.1506,0.1,20.91506,0.02091506,TUSD
185,2020-05-20 21:37:27,ETHTUSD,BUY,208.6062,0.1,20.86062,0.02086062,TUSD
186,2020-05-20 21:59:31,ETHTUSD,BUY,208.9858,0.1,20.898580000000003,0.020898580000000003,TUSD
187,2020-05-21 01:01:51,ETHTUSD,SELL,208.7385,0.1,20.87385,0.020873850000000003,TUSD
188,2020-05-21 01:17:57,ETHTUSD,BUY,208.2366,0.1,20.823660000000004,0.020823660000000004,TUSD
189,2020-05-21 01:19:29,ETHTUSD,BUY,207.2276,0.1,20.72276,0.02072276,TUSD
190,2020-05-21 01:43:19,ETHTUSD,SELL,204.7345,0.1,20.47345,0.02047345,TUSD
191,2020-05-21 02:15:38,ETHTUSD,SELL,206.8617,0.1,20.686170000000004,0.020686170000000004,TUSD
192,2020-05-21 03:00:04,ETHTUSD,BUY,205.6591,0.1,20.565910000000002,0.020565910000000003,TUSD
193,2020-05-21 03:39:49,ETHTUSD,BUY,206.4633,0.1,20.646330000000003,0.020646330000000004,TUSD
194,2020-05-21 06:59:41,ETHTUSD,SELL,204.7045,0.1,20.47045,0.02047045,TUSD
195,2020-05-21 07:05:22,ETHTUSD,BUY,204.5502,0.1,20.45502,0.02045502,TUSD
196,2020-05-21 07:07:41,ETHTUSD,SELL,203.8637,0.1,20.38637,0.02038637,TUSD
197,2020-05-21 07:11:15,ETHTUSD,BUY,203.8859,0.1,20.38859,0.02038859,TUSD
198,2020-05-21 07:12:19,ETHTUSD,SELL,202.8276,0.1,20.28276,0.02028276,TUSD
199,2020-05-21 07:13:42,ETHTUSD,SELL,203.0378,0.1,20.303780000000003,0.020303780000000004,TUSD
200,2020-05-21 07:15:07,ETHTUSD,BUY,202.9119,0.1,20.29119,0.02029119,TUSD
201,2020-05-21 07:16:31,ETHTUSD,BUY,202.3025,0.1,20.23025,0.02023025,TUSD
202,2020-05-21 07:19:02,ETHTUSD,SELL,202.0268,0.1,20.20268,0.02020268,TUSD
203,2020-05-21 07:20:12,ETHTUSD,SELL,202.7075,0.1,20.270750000000003,0.020270750000000004,TUSD
204,2020-05-21 07:27:51,ETHTUSD,BUY,202.2825,0.1,20.228250000000003,0.020228250000000003,TUSD
205,2020-05-21 07:30:11,ETHTUSD,BUY,201.9778,0.1,20.19778,0.020197780000000002,TUSD
206,2020-05-21 07:38:33,ETHTUSD,BUY,200.5043,0.1,20.050430000000002,0.02005043,TUSD
207,2020-05-21 07:43:01,ETHTUSD,SELL,198.1179,0.1,19.811790000000002,0.019811790000000003,TUSD
208,2020-05-21 07:44:11,ETHTUSD,SELL,196.9167,0.1,19.691670000000002,0.01969167,TUSD
209,2020-05-21 07:45:11,ETHTUSD,BUY,197.1976,0.1,19.71976,0.019719760000000003,TUSD
210,2020-05-21 07:45:41,ETHTUSD,SELL,197.5924,0.1,19.759240000000002,0.01975924,TUSD
211,2020-05-21 07:46:53,ETHTUSD,SELL,198.9688,0.1,19.89688,0.01989688,TUSD
212,2020-05-21 07:53:17,ETHTUSD,BUY,198.8959,0.1,19.889590000000002,0.019889590000000002,TUSD
213,2020-05-21 07:56:51,ETHTUSD,SELL,199.5844,0.1,19.95844,0.01995844,TUSD
214,2020-05-21 08:00:10,ETHTUSD,BUY,199.6701,0.1,19.967010000000002,0.019967010000000004,TUSD
215,2020-05-21 08:02:55,ETHTUSD,BUY,199.4503,0.1,19.945030000000003,0.019945030000000002,TUSD
216,2020-05-21 08:08:32,ETHTUSD,SELL,200.3952,0.1,20.03952,0.02003952,TUSD
217,2020-05-21 08:18:08,ETHTUSD,BUY,200.1247,0.1,20.01247,0.02001247,TUSD
218,2020-05-21 08:19:28,ETHTUSD,SELL,200.4953,0.1,20.04953,0.02004953,TUSD
219,2020-05-21 08:23:26,ETHTUSD,BUY,200.6042,0.1,20.06042,0.020060420000000002,TUSD
220,2020-05-21 08:30:25,ETHTUSD,SELL,200.0098,0.1,20.000980000000002,0.02000098,TUSD
221,2020-05-21 08:42:31,ETHTUSD,BUY,199.2506,0.1,19.925060000000002,0.01992506,TUSD
222,2020-05-21 09:15:18,ETHTUSD,SELL,198.5784,0.1,19.85784,0.01985784,TUSD
223,2020-05-21 09:46:43,ETHTUSD,BUY,199.4953,0.1,19.94953,0.01994953,TUSD
224,2020-05-21 10:32:06,ETHTUSD,SELL,198.0178,0.1,19.80178,0.01980178,TUSD
225,2020-05-21 10:57:15,ETHTUSD,BUY,197.6122,0.1,19.76122,0.019761220000000003,TUSD
226,2020-05-21 11:01:38,ETHTUSD,BUY,196.4833,0.1,19.64833,0.019648330000000002,TUSD
227,2020-05-21 11:02:42,ETHTUSD,SELL,195.1099,0.1,19.510990000000003,0.019510990000000002,TUSD
228,2020-05-21 11:05:28,ETHTUSD,BUY,195.1147,0.1,19.511470000000003,0.019511470000000003,TUSD
229,2020-05-21 11:07:18,ETHTUSD,SELL,195.0048,0.1,19.50048,0.01950048,TUSD
230,2020-05-21 11:45:11,ETHTUSD,BUY,194.6951,0.1,19.46951,0.01946951,TUSD
231,2020-05-21 11:49:05,ETHTUSD,SELL,193.4433,0.1,19.34433,0.01934433,TUSD
232,2020-05-21 11:55:27,ETHTUSD,BUY,192.857,0.1,19.285700000000002,0.019285700000000003,TUSD
233,2020-05-21 11:57:44,ETHTUSD,SELL,192.18200000000002,0.1,19.218200000000003,0.019218200000000005,TUSD
234,2020-05-21 11:58:55,ETHTUSD,BUY,191.6182,0.1,19.161820000000002,0.019161820000000003,TUSD
235,2020-05-21 12:00:33,ETHTUSD,SELL,192.2871,0.1,19.228710000000003,0.019228710000000003,TUSD
236,2020-05-21 12:13:14,ETHTUSD,SELL,195.6004,0.1,19.56004,0.01956004,TUSD
237,2020-05-21 12:15:16,ETHTUSD,BUY,196.1536,0.1,19.615360000000003,0.019615360000000002,TUSD
238,2020-05-21 12:33:36,ETHTUSD,SELL,196.9367,0.1,19.69367,0.01969367,TUSD
239,2020-05-21 12:39:57,ETHTUSD,SELL,197.3021,0.1,19.73021,0.01973021,TUSD
240,2020-05-21 12:41:26,ETHTUSD,SELL,198.19799999999998,0.1,19.8198,0.019819800000000002,TUSD
241,2020-05-21 12:48:54,ETHTUSD,BUY,198.3864,0.1,19.83864,0.01983864,TUSD
242,2020-05-21 14:53:22,ETHTUSD,BUY,199.5652,0.1,19.95652,0.019956520000000002,TUSD
243,2020-05-21 15:55:03,ETHTUSD,BUY,200.3494,0.1,20.034940000000002,0.020034940000000005,TUSD
244,2020-05-21 16:59:22,ETHTUSD,SELL,198.3632,0.1,19.83632,0.01983632,TUSD
245,2020-05-21 17:07:53,ETHTUSD,BUY,197.3275,0.1,19.73275,0.01973275,TUSD
246,2020-05-21 17:42:49,ETHTUSD,SELL,197.2921,0.1,19.729210000000002,0.019729210000000004,TUSD
247,2020-05-21 17:48:54,ETHTUSD,SELL,197.232,0.1,19.723200000000002,0.019723200000000003,TUSD
248,2020-05-21 18:01:43,ETHTUSD,SELL,198.5634,0.1,19.856340000000003,0.019856340000000004,TUSD
249,2020-05-21 18:07:56,ETHTUSD,BUY,198.9758,0.1,19.89758,0.01989758,TUSD
250,2020-05-21 18:18:57,ETHTUSD,BUY,199.4404,0.1,19.94404,0.019944040000000003,TUSD
251,2020-05-21 19:25:34,ETHTUSD,SELL,198.4432,0.1,19.84432,0.01984432,TUSD
252,2020-05-21 20:00:31,ETHTUSD,SELL,198.4833,0.1,19.848330000000004,0.019848330000000004,TUSD
253,2020-05-21 20:18:25,ETHTUSD,BUY,198.4563,0.1,19.84563,0.01984563,TUSD
254,2020-05-21 20:29:56,ETHTUSD,BUY,198.1017,0.1,19.81017,0.01981017,TUSD
255,2020-05-21 20:37:24,ETHTUSD,SELL,197.8577,0.1,19.78577,0.01978577,TUSD
256,2020-05-21 20:46:31,ETHTUSD,SELL,197.5724,0.1,19.75724,0.01975724,TUSD
257,2020-05-21 20:56:36,ETHTUSD,BUY,196.8929,0.1,19.68929,0.01968929,TUSD
258,2020-05-21 21:37:17,ETHTUSD,BUY,197.2126,0.1,19.72126,0.01972126,TUSD
259,2020-05-21 21:59:31,ETHTUSD,BUY,197.0827,0.1,19.70827,0.01970827,TUSD
260,2020-05-21 22:41:15,ETHTUSD,SELL,197.3221,0.1,19.732210000000002,0.019732210000000003,TUSD
261,2020-05-21 22:44:48,ETHTUSD,SELL,198.2531,0.1,19.82531,0.019825310000000002,TUSD
262,2020-05-21 23:15:35,ETHTUSD,SELL,199.8346,0.1,19.98346,0.01998346,TUSD
263,2020-05-21 23:19:11,ETHTUSD,BUY,199.7301,0.1,19.973010000000002,0.019973010000000003,TUSD
264,2020-05-21 23:49:37,ETHTUSD,SELL,199.7295,0.1,19.97295,0.01997295,TUSD
265,2020-05-21 23:53:57,ETHTUSD,BUY,199.8849,0.1,19.98849,0.019988489999999998,TUSD
266,2020-05-22 00:00:12,ETHTUSD,SELL,200.5554,0.1,20.05554,0.02005554,TUSD
267,2020-05-22 00:01:39,ETHTUSD,BUY,201.6781,0.1,20.167810000000003,0.020167810000000005,TUSD
268,2020-05-22 00:04:14,ETHTUSD,BUY,201.7231,0.1,20.17231,0.02017231,TUSD
269,2020-05-22 00:05:33,ETHTUSD,BUY,201.5532,0.1,20.155320000000003,0.020155320000000004,TUSD
270,2020-05-22 00:30:10,ETHTUSD,SELL,201.3712,0.1,20.13712,0.02013712,TUSD
271,2020-05-22 00:36:57,ETHTUSD,BUY,201.4234,0.1,20.14234,0.02014234,TUSD
272,2020-05-22 03:00:13,ETHTUSD,SELL,202.4522,0.1,20.245220000000003,0.020245220000000005,TUSD
273,2020-05-22 03:02:06,ETHTUSD,SELL,203.5183,0.1,20.351830000000003,0.020351830000000005,TUSD
274,2020-05-22 03:04:17,ETHTUSD,BUY,203.5363,0.1,20.353630000000003,0.020353630000000004,TUSD
275,2020-05-22 04:00:18,ETHTUSD,SELL,203.2781,0.1,20.32781,0.020327809999999998,TUSD
276,2020-05-22 04:10:02,ETHTUSD,BUY,202.6222,0.1,20.26222,0.02026222,TUSD
277,2020-05-22 04:29:35,ETHTUSD,BUY,202.6821,0.1,20.26821,0.020268210000000002,TUSD
278,2020-05-22 05:00:19,ETHTUSD,SELL,203.3982,0.1,20.339820000000003,0.020339820000000005,TUSD
279,2020-05-22 05:05:23,ETHTUSD,BUY,203.6362,0.1,20.36362,0.020363620000000002,TUSD
280,2020-05-22 08:19:33,ETHTUSD,SELL,203.7936,0.1,20.379360000000002,0.020379360000000003,TUSD
281,2020-05-22 08:30:42,ETHTUSD,BUY,204.3205,0.1,20.432050000000004,0.020432050000000004,TUSD
282,2020-05-22 09:00:01,ETHTUSD,SELL,204.9798,0.1,20.497980000000002,0.020497980000000002,TUSD
283,2020-05-22 09:02:02,ETHTUSD,BUY,205.2545,0.1,20.525450000000003,0.020525450000000004,TUSD
284,2020-05-22 09:06:37,ETHTUSD,SELL,204.7846,0.1,20.478460000000002,0.020478460000000004,TUSD
285,2020-05-22 09:09:56,ETHTUSD,SELL,205.7856,0.1,20.57856,0.02057856,TUSD
286,2020-05-22 09:29:02,ETHTUSD,BUY,206.9329,0.1,20.69329,0.020693290000000003,TUSD
287,2020-05-22 09:31:48,ETHTUSD,BUY,206.773,0.1,20.677300000000002,0.020677300000000003,TUSD
288,2020-05-22 09:57:47,ETHTUSD,SELL,207.5373,0.1,20.75373,0.02075373,TUSD
289,2020-05-22 10:05:22,ETHTUSD,SELL,207.9578,0.1,20.79578,0.02079578,TUSD
290,2020-05-22 11:15:16,ETHTUSD,BUY,208.796,0.1,20.8796,0.0208796,TUSD
291,2020-05-22 11:19:15,ETHTUSD,BUY,208.9309,0.1,20.89309,0.02089309,TUSD
292,2020-05-22 11:59:46,ETHTUSD,SELL,207.9678,0.1,20.796780000000002,0.02079678,TUSD
293,2020-05-22 12:44:17,ETHTUSD,BUY,206.838,0.1,20.6838,0.020683800000000002,TUSD
294,2020-05-22 13:39:30,ETHTUSD,SELL,208.3381,0.1,20.83381,0.02083381,TUSD
295,2020-05-22 13:41:57,ETHTUSD,BUY,208.5462,0.1,20.85462,0.02085462,TUSD
296,2020-05-22 17:26:20,ETHTUSD,SELL,209.3191,0.1,20.931910000000002,0.02093191,TUSD
297,2020-05-22 17:44:47,ETHTUSD,BUY,208.7411,0.1,20.87411,0.02087411,TUSD
298,2020-05-22 19:05:35,ETHTUSD,SELL,209.8446,0.1,20.984460000000002,0.020984460000000003,TUSD
299,2020-05-22 19:12:11,ETHTUSD,BUY,210.8789,0.1,21.08789,0.02108789,TUSD
300,2020-05-22 19:28:09,ETHTUSD,SELL,210.4302,0.1,21.043020000000002,0.021043020000000003,TUSD
301,2020-05-22 19:35:09,ETHTUSD,BUY,210.77900000000002,0.1,21.077900000000003,0.021077900000000004,TUSD
302,2020-05-22 20:00:20,ETHTUSD,SELL,210.4703,0.1,21.047030000000003,0.021047030000000005,TUSD
303,2020-05-22 21:30:56,ETHTUSD,BUY,210.0897,0.1,21.00897,0.021008970000000002,TUSD
304,2020-05-22 21:53:24,ETHTUSD,SELL,208.8436,0.1,20.88436,0.02088436,TUSD
305,2020-05-22 21:59:14,ETHTUSD,BUY,208.5912,0.1,20.85912,0.020859120000000002,TUSD
306,2020-05-23 04:02:21,ETHTUSD,SELL,206.7115,0.1,20.67115,0.020671150000000003,TUSD
307,2020-05-23 05:20:41,ETHTUSD,BUY,206.4034,0.1,20.640340000000002,0.020640340000000004,TUSD
308,2020-05-23 07:24:34,ETHTUSD,SELL,206.7515,0.1,20.675150000000002,0.020675150000000003,TUSD
309,2020-05-23 07:37:22,ETHTUSD,BUY,207.8519,0.1,20.78519,0.020785190000000002,TUSD
310,2020-05-23 09:30:56,ETHTUSD,SELL,206.176,0.1,20.6176,0.0206176,TUSD
311,2020-05-23 09:34:23,ETHTUSD,SELL,206.19099999999997,0.1,20.6191,0.0206191,TUSD
312,2020-05-23 10:02:45,ETHTUSD,SELL,206.9567,0.1,20.695670000000003,0.020695670000000003,TUSD
313,2020-05-23 10:21:07,ETHTUSD,BUY,207.0178,0.1,20.70178,0.02070178,TUSD
314,2020-05-23 11:09:41,ETHTUSD,BUY,207.4923,0.1,20.74923,0.02074923,TUSD
315,2020-05-23 11:14:37,ETHTUSD,BUY,206.8679,0.1,20.686790000000002,0.020686790000000004,TUSD
316,2020-05-23 16:29:11,ETHTUSD,SELL,207.0368,0.1,20.703680000000002,0.020703680000000002,TUSD
317,2020-05-23 17:00:29,ETHTUSD,BUY,206.3634,0.1,20.636340000000004,0.020636340000000003,TUSD
318,2020-05-23 19:19:35,ETHTUSD,SELL,208.5283,0.1,20.85283,0.020852830000000003,TUSD
319,2020-05-23 19:41:33,ETHTUSD,BUY,209.2206,0.1,20.922060000000002,0.020922060000000003,TUSD
320,2020-05-23 20:11:42,ETHTUSD,SELL,208.1579,0.1,20.815790000000003,0.020815790000000004,TUSD
321,2020-05-23 20:18:48,ETHTUSD,BUY,208.6262,0.1,20.862620000000003,0.020862620000000005,TUSD
322,2020-05-23 21:00:17,ETHTUSD,SELL,208.8186,0.1,20.881860000000003,0.020881860000000002,TUSD
323,2020-05-23 21:41:08,ETHTUSD,BUY,208.9059,0.1,20.890590000000003,0.020890590000000004,TUSD
324,2020-05-24 01:00:32,ETHTUSD,SELL,209.7946,0.1,20.979460000000003,0.020979460000000002,TUSD
325,2020-05-24 04:08:18,ETHTUSD,BUY,208.81599999999997,0.1,20.8816,0.0208816,TUSD
326,2020-05-24 04:11:45,ETHTUSD,SELL,208.1179,0.1,20.811790000000002,0.020811790000000004,TUSD
327,2020-05-24 04:13:54,ETHTUSD,BUY,208.2066,0.1,20.820660000000004,0.020820660000000005,TUSD
328,2020-05-24 04:15:42,ETHTUSD,SELL,207.3221,0.1,20.732210000000002,0.02073221,TUSD
329,2020-05-24 04:33:38,ETHTUSD,BUY,207.1427,0.1,20.71427,0.02071427,TUSD
330,2020-05-24 05:19:49,ETHTUSD,SELL,207.217,0.1,20.721700000000002,0.020721700000000003,TUSD
331,2020-05-24 05:22:27,ETHTUSD,BUY,207.2326,0.1,20.72326,0.02072326,TUSD
332,2020-05-24 07:01:18,ETHTUSD,SELL,204.179,0.1,20.417900000000003,0.020417900000000003,TUSD
333,2020-05-24 07:02:39,ETHTUSD,SELL,204.8947,0.1,20.48947,0.020489470000000003,TUSD
334,2020-05-24 07:05:02,ETHTUSD,SELL,204.7395,0.1,20.473950000000002,0.02047395,TUSD
335,2020-05-24 07:11:34,ETHTUSD,BUY,204.5702,0.1,20.45702,0.02045702,TUSD
336,2020-05-24 07:14:19,ETHTUSD,SELL,204.4743,0.1,20.44743,0.020447430000000003,TUSD
337,2020-05-24 07:30:05,ETHTUSD,BUY,205.4943,0.1,20.54943,0.02054943,TUSD
338,2020-05-24 07:40:14,ETHTUSD,SELL,205.5904,0.1,20.55904,0.02055904,TUSD
339,2020-05-24 08:00:18,ETHTUSD,BUY,205.6791,0.1,20.56791,0.020567910000000002,TUSD
340,2020-05-24 09:00:08,ETHTUSD,BUY,205.3195,0.1,20.531950000000002,0.020531950000000004,TUSD
341,2020-05-24 09:01:50,ETHTUSD,BUY,204.0457,0.1,20.404570000000003,0.020404570000000004,TUSD
342,2020-05-24 09:03:13,ETHTUSD,SELL,204.3792,0.1,20.437920000000002,0.020437920000000002,TUSD
343,2020-05-24 09:09:47,ETHTUSD,BUY,203.826,0.1,20.3826,0.0203826,TUSD
344,2020-05-24 09:15:52,ETHTUSD,SELL,203.4983,0.1,20.34983,0.020349830000000003,TUSD
345,2020-05-24 09:20:18,ETHTUSD,BUY,203.4963,0.1,20.34963,0.02034963,TUSD
346,2020-05-24 09:28:39,ETHTUSD,SELL,202.1219,0.1,20.212190000000003,0.020212190000000005,TUSD
347,2020-05-24 09:29:59,ETHTUSD,BUY,202.1826,0.1,20.21826,0.020218260000000002,TUSD
348,2020-05-24 09:31:14,ETHTUSD,SELL,202.7225,0.1,20.27225,0.02027225,TUSD
349,2020-05-24 09:38:44,ETHTUSD,BUY,202.757,0.1,20.2757,0.0202757,TUSD
350,2020-05-24 09:42:07,ETHTUSD,SELL,202.2621,0.1,20.226210000000002,0.02022621,TUSD
351,2020-05-24 09:44:02,ETHTUSD,BUY,202.7221,0.1,20.27221,0.020272210000000002,TUSD
352,2020-05-24 09:48:38,ETHTUSD,SELL,202.4322,0.1,20.24322,0.020243220000000003,TUSD
353,2020-05-24 09:53:45,ETHTUSD,BUY,202.5772,0.1,20.257720000000003,0.020257720000000003,TUSD
354,2020-05-24 09:55:30,ETHTUSD,SELL,203.1229,0.1,20.31229,0.02031229,TUSD
355,2020-05-24 10:01:05,ETHTUSD,BUY,203.8709,0.1,20.38709,0.02038709,TUSD
356,2020-05-24 10:33:33,ETHTUSD,SELL,204.6795,0.1,20.467950000000002,0.020467950000000002,TUSD
357,2020-05-24 11:00:11,ETHTUSD,BUY,203.6312,0.1,20.363120000000002,0.020363120000000002,TUSD
358,2020-05-24 12:17:04,ETHTUSD,SELL,203.6935,0.1,20.36935,0.02036935,TUSD
359,2020-05-24 12:30:26,ETHTUSD,SELL,205.6805,0.1,20.56805,0.02056805,TUSD
360,2020-05-24 13:08:00,ETHTUSD,BUY,206.6831,0.1,20.66831,0.020668310000000002,TUSD
361,2020-05-24 14:34:34,ETHTUSD,SELL,206.8166,0.1,20.68166,0.02068166,TUSD
362,2020-05-24 15:06:42,ETHTUSD,BUY,206.813,0.1,20.6813,0.0206813,TUSD
363,2020-05-24 16:09:08,ETHTUSD,BUY,205.5692,0.1,20.55692,0.020556920000000003,TUSD
364,2020-05-24 16:34:30,ETHTUSD,SELL,201.6565,0.1,20.16565,0.02016565,TUSD
365,2020-05-24 16:35:37,ETHTUSD,BUY,202.0478,0.1,20.20478,0.02020478,TUSD
366,2020-05-24 16:36:51,ETHTUSD,SELL,201.8066,0.1,20.180660000000003,0.020180660000000003,TUSD
367,2020-05-24 16:38:47,ETHTUSD,BUY,201.833,0.1,20.183300000000003,0.020183300000000005,TUSD
368,2020-05-24 17:01:43,ETHTUSD,SELL,198.2881,0.1,19.82881,0.019828810000000002,TUSD
369,2020-05-24 17:02:56,ETHTUSD,SELL,199.9097,0.1,19.99097,0.01999097,TUSD
370,2020-05-24 17:04:20,ETHTUSD,SELL,200.7756,0.1,20.077560000000002,0.02007756,TUSD
371,2020-05-24 17:05:33,ETHTUSD,SELL,201.2561,0.1,20.12561,0.020125610000000002,TUSD
372,2020-05-24 17:10:01,ETHTUSD,BUY,200.6941,0.1,20.06941,0.020069410000000003,TUSD
373,2020-05-24 17:11:26,ETHTUSD,SELL,200.9507,0.1,20.095070000000003,0.020095070000000003,TUSD
374,2020-05-24 17:12:53,ETHTUSD,SELL,201.5814,0.1,20.158140000000003,0.020158140000000005,TUSD
375,2020-05-24 17:19:54,ETHTUSD,BUY,201.6082,0.1,20.16082,0.020160820000000003,TUSD
376,2020-05-24 17:23:52,ETHTUSD,SELL,201.7916,0.1,20.17916,0.02017916,TUSD
377,2020-05-24 17:25:51,ETHTUSD,BUY,201.8479,0.1,20.184790000000003,0.020184790000000005,TUSD
378,2020-05-24 17:29:10,ETHTUSD,SELL,202.0869,0.1,20.208690000000004,0.020208690000000005,TUSD
379,2020-05-24 17:35:11,ETHTUSD,SELL,202.5373,0.1,20.25373,0.02025373,TUSD
380,2020-05-24 17:40:16,ETHTUSD,SELL,202.8076,0.1,20.28076,0.020280760000000002,TUSD
381,2020-05-24 17:46:17,ETHTUSD,BUY,202.5522,0.1,20.25522,0.02025522,TUSD
382,2020-05-24 18:15:30,ETHTUSD,SELL,202.4823,0.1,20.248230000000003,0.020248230000000002,TUSD
383,2020-05-24 18:30:20,ETHTUSD,SELL,201.7666,0.1,20.176660000000002,0.020176660000000003,TUSD
384,2020-05-24 18:58:28,ETHTUSD,BUY,202.5572,0.1,20.25572,0.02025572,TUSD
385,2020-05-24 19:01:30,ETHTUSD,BUY,202.3974,0.1,20.23974,0.020239740000000003,TUSD
386,2020-05-24 19:10:14,ETHTUSD,SELL,201.9618,0.1,20.196180000000002,0.02019618,TUSD
387,2020-05-24 20:37:59,ETHTUSD,SELL,201.4412,0.1,20.14412,0.02014412,TUSD
388,2020-05-24 20:49:39,ETHTUSD,SELL,201.7816,0.1,20.178160000000002,0.020178160000000004,TUSD
389,2020-05-24 21:03:31,ETHTUSD,BUY,202.1277,0.1,20.212770000000003,0.02021277,TUSD
390,2020-05-24 21:38:32,ETHTUSD,BUY,202.782,0.1,20.278200000000002,0.020278200000000003,TUSD
391,2020-05-24 22:42:33,ETHTUSD,SELL,201.9718,0.1,20.197180000000003,0.020197180000000002,TUSD
392,2020-05-24 23:33:08,ETHTUSD,SELL,202.0819,0.1,20.208190000000002,0.02020819,TUSD
393,2020-05-24 23:35:19,ETHTUSD,SELL,203.1379,0.1,20.31379,0.02031379,TUSD
394,2020-05-24 23:48:57,ETHTUSD,BUY,203.4513,0.1,20.34513,0.020345130000000003,TUSD
395,2020-05-24 23:51:52,ETHTUSD,BUY,202.9518,0.1,20.295180000000002,0.020295180000000003,TUSD
396,2020-05-24 23:58:11,ETHTUSD,BUY,202.7021,0.1,20.270210000000002,0.020270210000000004,TUSD
397,2020-05-25 00:08:54,ETHTUSD,BUY,202.6022,0.1,20.260220000000004,0.020260220000000006,TUSD
398,2020-05-25 00:35:33,ETHTUSD,BUY,203.9409,0.1,20.394090000000002,0.020394090000000004,TUSD
399,2020-05-25 00:39:00,ETHTUSD,BUY,203.9558,0.1,20.395580000000002,0.020395580000000003,TUSD
400,2020-05-25 01:01:37,ETHTUSD,BUY,204.1456,0.1,20.41456,0.02041456,TUSD
401,2020-05-25 01:09:04,ETHTUSD,BUY,203.3664,0.1,20.336640000000003,0.020336640000000003,TUSD
402,2020-05-25 01:44:00,ETHTUSD,BUY,203.3714,0.1,20.33714,0.020337140000000004,TUSD
403,2020-05-25 02:22:07,ETHTUSD,SELL,203.8086,0.1,20.380860000000002,0.020380860000000004,TUSD
404,2020-05-25 02:23:21,ETHTUSD,SELL,204.6244,0.1,20.46244,0.020462440000000002,TUSD
405,2020-05-25 02:24:47,ETHTUSD,BUY,204.3754,0.1,20.437540000000002,0.020437540000000004,TUSD
406,2020-05-25 02:34:24,ETHTUSD,BUY,204.4753,0.1,20.44753,0.020447530000000002,TUSD
407,2020-05-25 02:37:13,ETHTUSD,BUY,203.7261,0.1,20.37261,0.020372610000000003,TUSD
408,2020-05-25 02:57:37,ETHTUSD,SELL,202.172,0.1,20.217200000000002,0.0202172,TUSD
409,2020-05-25 03:10:16,ETHTUSD,SELL,202.5123,0.1,20.251230000000003,0.020251230000000002,TUSD
410,2020-05-25 03:14:13,ETHTUSD,BUY,203.0717,0.1,20.30717,0.02030717,TUSD
411,2020-05-25 03:47:59,ETHTUSD,BUY,203.1466,0.1,20.314660000000003,0.020314660000000005,TUSD
412,2020-05-25 04:01:06,ETHTUSD,SELL,201.7365,0.1,20.173650000000002,0.02017365,TUSD
413,2020-05-25 04:17:22,ETHTUSD,BUY,201.4933,0.1,20.149330000000003,0.020149330000000003,TUSD
414,2020-05-25 05:00:42,ETHTUSD,SELL,202.5974,0.1,20.25974,0.020259740000000002,TUSD
415,2020-05-25 05:06:18,ETHTUSD,BUY,203.0517,0.1,20.305170000000004,0.020305170000000004,TUSD
416,2020-05-25 06:00:21,ETHTUSD,SELL,203.0529,0.1,20.30529,0.02030529,TUSD
417,2020-05-25 06:55:33,ETHTUSD,SELL,203.208,0.1,20.320800000000002,0.020320800000000003,TUSD
418,2020-05-25 06:57:48,ETHTUSD,BUY,203.7211,0.1,20.372110000000003,0.020372110000000002,TUSD
419,2020-05-25 07:12:26,ETHTUSD,BUY,203.9409,0.1,20.394090000000002,0.020394090000000004,TUSD
420,2020-05-25 08:36:36,ETHTUSD,SELL,202.8577,0.1,20.28577,0.020285769999999998,TUSD
421,2020-05-25 09:00:19,ETHTUSD,SELL,202.7876,0.1,20.278760000000002,0.020278760000000003,TUSD
422,2020-05-25 09:07:55,ETHTUSD,SELL,202.8827,0.1,20.28827,0.02028827,TUSD
423,2020-05-25 09:51:16,ETHTUSD,BUY,203.2066,0.1,20.320660000000004,0.020320660000000004,TUSD
424,2020-05-25 10:35:06,ETHTUSD,SELL,203.9137,0.1,20.391370000000002,0.020391370000000002,TUSD
425,2020-05-25 10:49:18,ETHTUSD,SELL,204.5944,0.1,20.45944,0.020459440000000002,TUSD
426,2020-05-25 11:59:12,ETHTUSD,BUY,204.4603,0.1,20.44603,0.02044603,TUSD
427,2020-05-25 12:07:42,ETHTUSD,BUY,204.4953,0.1,20.44953,0.02044953,TUSD
428,2020-05-25 12:09:25,ETHTUSD,SELL,204.8697,0.1,20.48697,0.02048697,TUSD
429,2020-05-25 17:02:29,ETHTUSD,SELL,204.1489,0.1,20.41489,0.02041489,TUSD
430,2020-05-25 17:07:31,ETHTUSD,BUY,204.3604,0.1,20.436040000000002,0.020436040000000003,TUSD
431,2020-05-25 17:24:26,ETHTUSD,SELL,203.8136,0.1,20.38136,0.02038136,TUSD
432,2020-05-25 17:27:58,ETHTUSD,BUY,203.5762,0.1,20.35762,0.02035762,TUSD
433,2020-05-25 17:29:13,ETHTUSD,BUY,202.77700000000002,0.1,20.277700000000003,0.020277700000000003,TUSD
434,2020-05-25 18:00:39,ETHTUSD,SELL,203.5684,0.1,20.356840000000002,0.02035684,TUSD
435,2020-05-25 18:14:19,ETHTUSD,SELL,203.8837,0.1,20.388370000000002,0.020388370000000003,TUSD
436,2020-05-25 20:13:58,ETHTUSD,BUY,204.0358,0.1,20.40358,0.02040358,TUSD
437,2020-05-25 21:00:13,ETHTUSD,BUY,204.3055,0.1,20.43055,0.020430550000000002,TUSD
438,2020-05-25 23:32:22,ETHTUSD,BUY,202.6621,0.1,20.26621,0.02026621,TUSD
439,2020-05-25 23:43:03,ETHTUSD,SELL,202.3972,0.1,20.239720000000002,0.020239720000000003,TUSD
440,2020-05-26 00:30:11,ETHTUSD,SELL,203.4332,0.1,20.343320000000002,0.02034332,TUSD
441,2020-05-26 01:01:04,ETHTUSD,BUY,203.5462,0.1,20.35462,0.02035462,TUSD
442,2020-05-26 01:06:32,ETHTUSD,SELL,203.9538,0.1,20.395380000000003,0.020395380000000005,TUSD
443,2020-05-26 03:00:27,ETHTUSD,BUY,202.6072,0.1,20.260720000000003,0.020260720000000003,TUSD
444,2020-05-26 04:38:46,ETHTUSD,BUY,202.1427,0.1,20.21427,0.02021427,TUSD
445,2020-05-26 04:50:51,ETHTUSD,SELL,202.4673,0.1,20.24673,0.02024673,TUSD
446,2020-05-26 05:23:11,ETHTUSD,BUY,201.9578,0.1,20.19578,0.02019578,TUSD
447,2020-05-26 05:24:16,ETHTUSD,BUY,201.3085,0.1,20.130850000000002,0.020130850000000002,TUSD
448,2020-05-26 05:43:19,ETHTUSD,BUY,201.0787,0.1,20.107870000000002,0.020107870000000003,TUSD
449,2020-05-26 05:56:36,ETHTUSD,BUY,200.764,0.1,20.076400000000003,0.020076400000000005,TUSD
450,2020-05-26 06:25:44,ETHTUSD,SELL,201.7165,0.1,20.17165,0.02017165,TUSD
451,2020-05-26 07:38:47,ETHTUSD,BUY,201.7031,0.1,20.17031,0.02017031,TUSD
452,2020-05-26 08:12:13,ETHTUSD,BUY,200.7041,0.1,20.070410000000003,0.020070410000000004,TUSD
453,2020-05-26 08:26:00,ETHTUSD,BUY,200.3095,0.1,20.030950000000004,0.020030950000000006,TUSD
454,2020-05-26 08:27:18,ETHTUSD,BUY,199.9299,0.1,19.992990000000002,0.019992990000000002,TUSD
455,2020-05-26 08:28:32,ETHTUSD,BUY,198.8559,0.1,19.88559,0.01988559,TUSD
456,2020-05-26 08:29:48,ETHTUSD,BUY,198.9459,0.1,19.89459,0.01989459,TUSD
457,2020-05-26 08:31:46,ETHTUSD,BUY,198.3514,0.1,19.835140000000003,0.019835140000000005,TUSD
458,2020-05-26 08:39:46,ETHTUSD,SELL,199.2791,0.1,19.92791,0.01992791,TUSD
459,2020-05-26 08:58:01,ETHTUSD,BUY,198.2765,0.1,19.827650000000002,0.019827650000000002,TUSD
460,2020-05-26 08:59:50,ETHTUSD,SELL,197.4973,0.1,19.74973,0.01974973,TUSD
461,2020-05-26 09:00:57,ETHTUSD,SELL,197.5273,0.1,19.75273,0.01975273,TUSD
462,2020-05-26 09:02:10,ETHTUSD,SELL,198.0779,0.1,19.80779,0.019807790000000002,TUSD
463,2020-05-26 09:11:41,ETHTUSD,SELL,198.4132,0.1,19.84132,0.01984132,TUSD
464,2020-05-26 09:13:51,ETHTUSD,SELL,198.9037,0.1,19.89037,0.01989037,TUSD
465,2020-05-26 09:19:22,ETHTUSD,SELL,199.0188,0.1,19.901880000000002,0.019901880000000004,TUSD
466,2020-05-26 09:51:17,ETHTUSD,BUY,199.3105,0.1,19.93105,0.01993105,TUSD
467,2020-05-26 09:52:32,ETHTUSD,BUY,199.2206,0.1,19.922060000000002,0.019922060000000002,TUSD
468,2020-05-26 11:30:50,ETHTUSD,BUY,200.0797,0.1,20.00797,0.02000797,TUSD
469,2020-05-26 12:39:24,ETHTUSD,BUY,198.81099999999998,0.1,19.8811,0.0198811,TUSD
470,2020-05-26 13:47:46,ETHTUSD,SELL,200.5203,0.1,20.052030000000002,0.020052030000000002,TUSD
471,2020-05-26 13:48:50,ETHTUSD,BUY,202.2076,0.1,20.220760000000002,0.02022076,TUSD
472,2020-05-26 13:51:21,ETHTUSD,SELL,202.3121,0.1,20.23121,0.020231210000000003,TUSD
473,2020-05-26 13:52:43,ETHTUSD,BUY,202.3125,0.1,20.231250000000003,0.020231250000000003,TUSD
474,2020-05-26 14:00:23,ETHTUSD,SELL,202.2921,0.1,20.229210000000002,0.02022921,TUSD
475,2020-05-26 15:17:17,ETHTUSD,BUY,200.9389,0.1,20.093890000000002,0.020093890000000003,TUSD
476,2020-05-26 17:02:32,ETHTUSD,BUY,200.81400000000002,0.1,20.081400000000002,0.020081400000000003,TUSD
477,2020-05-26 17:27:42,ETHTUSD,BUY,201.4883,0.1,20.148830000000004,0.020148830000000003,TUSD
478,2020-05-26 19:53:35,ETHTUSD,BUY,201.4983,0.1,20.14983,0.02014983,TUSD
479,2020-05-26 22:49:06,ETHTUSD,SELL,202.227,0.1,20.222700000000003,0.020222700000000003,TUSD
480,2020-05-26 22:58:18,ETHTUSD,SELL,202.9477,0.1,20.29477,0.02029477,TUSD
481,2020-05-26 23:00:05,ETHTUSD,SELL,203.6084,0.1,20.36084,0.02036084,TUSD
482,2020-05-26 23:01:17,ETHTUSD,SELL,203.6334,0.1,20.36334,0.02036334,TUSD
483,2020-05-26 23:02:39,ETHTUSD,BUY,203.6262,0.1,20.362620000000003,0.020362620000000005,TUSD
484,2020-05-26 23:11:07,ETHTUSD,BUY,203.2765,0.1,20.327650000000002,0.020327650000000003,TUSD
485,2020-05-27 03:27:32,ETHTUSD,SELL,204.5794,0.1,20.45794,0.02045794,TUSD
486,2020-05-27 03:30:50,ETHTUSD,SELL,204.9948,0.1,20.499480000000002,0.020499480000000004,TUSD
487,2020-05-27 03:31:56,ETHTUSD,SELL,205.7305,0.1,20.573050000000002,0.020573050000000002,TUSD
488,2020-05-27 03:33:14,ETHTUSD,BUY,206.0837,0.1,20.60837,0.02060837,TUSD
489,2020-05-27 04:32:19,ETHTUSD,BUY,206.4234,0.1,20.64234,0.020642340000000002,TUSD
490,2020-05-27 05:00:11,ETHTUSD,SELL,206.7115,0.1,20.67115,0.020671150000000003,TUSD
491,2020-05-27 05:13:46,ETHTUSD,SELL,207.4723,0.1,20.747230000000002,0.020747230000000002,TUSD
492,2020-05-27 05:14:54,ETHTUSD,BUY,207.4374,0.1,20.743740000000003,0.020743740000000004,TUSD
493,2020-05-27 05:20:45,ETHTUSD,BUY,207.0028,0.1,20.700280000000003,0.020700280000000005,TUSD
494,2020-05-27 07:51:49,ETHTUSD,BUY,205.4094,0.1,20.540940000000003,0.020540940000000004,TUSD
495,2020-05-27 08:14:13,ETHTUSD,BUY,205.8889,0.1,20.588890000000003,0.020588890000000002,TUSD
496,2020-05-27 08:18:48,ETHTUSD,SELL,206.4563,0.1,20.64563,0.02064563,TUSD
497,2020-05-27 08:24:55,ETHTUSD,BUY,206.2885,0.1,20.62885,0.02062885,TUSD
498,2020-05-27 08:26:23,ETHTUSD,BUY,205.8789,0.1,20.58789,0.02058789,TUSD
499,2020-05-27 08:40:11,ETHTUSD,BUY,205.6192,0.1,20.56192,0.02056192,TUSD
500,2020-05-27 08:51:38,ETHTUSD,SELL,205.8406,0.1,20.58406,0.02058406,TUSD
501,2020-05-27 08:55:10,ETHTUSD,BUY,205.8489,0.1,20.58489,0.02058489,TUSD
502,2020-05-27 09:00:16,ETHTUSD,SELL,206.2611,0.1,20.62611,0.02062611,TUSD
503,2020-05-27 09:23:14,ETHTUSD,BUY,206.5982,0.1,20.65982,0.02065982,TUSD
504,2020-05-27 09:50:27,ETHTUSD,BUY,207.1027,0.1,20.71027,0.020710270000000003,TUSD
505,2020-05-27 12:54:37,ETHTUSD,SELL,206.16099999999997,0.1,20.6161,0.0206161,TUSD
506,2020-05-27 14:33:45,ETHTUSD,BUY,205.3444,0.1,20.534440000000004,0.020534440000000004,TUSD
507,2020-05-27 14:41:15,ETHTUSD,BUY,205.4693,0.1,20.546930000000003,0.020546930000000005,TUSD
508,2020-05-27 16:36:02,ETHTUSD,SELL,207.7075,0.1,20.770750000000003,0.020770750000000004,TUSD
509,2020-05-27 17:46:39,ETHTUSD,BUY,207.6621,0.1,20.76621,0.02076621,TUSD
510,2020-05-27 17:59:12,ETHTUSD,SELL,208.1529,0.1,20.81529,0.02081529,TUSD
511,2020-05-27 19:10:06,ETHTUSD,BUY,207.2525,0.1,20.725250000000003,0.020725250000000004,TUSD
512,2020-05-27 19:13:00,ETHTUSD,BUY,206.82299999999998,0.1,20.682299999999998,0.020682299999999997,TUSD
513,2020-05-27 19:25:47,ETHTUSD,SELL,206.6865,0.1,20.66865,0.02066865,TUSD
514,2020-05-27 21:00:21,ETHTUSD,BUY,205.9139,0.1,20.591390000000004,0.020591390000000005,TUSD
515,2020-05-28 00:40:15,ETHTUSD,BUY,205.4493,0.1,20.54493,0.020544930000000003,TUSD
516,2020-05-28 00:54:41,ETHTUSD,BUY,204.9299,0.1,20.492990000000002,0.020492990000000003,TUSD
517,2020-05-28 01:09:07,ETHTUSD,SELL,204.9097,0.1,20.49097,0.02049097,TUSD
518,2020-05-28 02:15:01,ETHTUSD,BUY,206.0887,0.1,20.60887,0.02060887,TUSD
519,2020-05-28 03:44:13,ETHTUSD,BUY,206.3934,0.1,20.639340000000004,0.020639340000000006,TUSD
520,2020-05-28 05:08:06,ETHTUSD,SELL,208.3081,0.1,20.83081,0.02083081,TUSD
521,2020-05-28 05:44:21,ETHTUSD,SELL,209.209,0.1,20.920900000000003,0.020920900000000003,TUSD
522,2020-05-28 05:48:05,ETHTUSD,BUY,209.78,0.1,20.978,0.020978000000000004,TUSD
523,2020-05-28 06:00:17,ETHTUSD,SELL,210.2,0.1,21.02,0.02102,TUSD
524,2020-05-28 06:55:09,ETHTUSD,BUY,209.0757,0.1,20.907570000000003,0.020907570000000004,TUSD
525,2020-05-28 07:06:21,ETHTUSD,SELL,210.22,0.1,21.022000000000002,0.021022000000000002,TUSD
526,2020-05-28 07:08:14,ETHTUSD,BUY,210.2695,0.1,21.02695,0.02102695,TUSD
527,2020-05-28 07:28:39,ETHTUSD,BUY,209.9848,0.1,20.99848,0.02099848,TUSD
528,2020-05-28 07:51:21,ETHTUSD,SELL,210.8106,0.1,21.08106,0.021081060000000002,TUSD
529,2020-05-28 08:00:04,ETHTUSD,SELL,212.21200000000002,0.1,21.221200000000003,0.021221200000000003,TUSD
530,2020-05-28 08:02:03,ETHTUSD,BUY,212.80200000000002,0.1,21.280200000000004,0.021280200000000006,TUSD
531,2020-05-28 08:29:39,ETHTUSD,SELL,213.4032,0.1,21.340320000000002,0.021340320000000003,TUSD
532,2020-05-28 08:34:41,ETHTUSD,BUY,214.1057,0.1,21.410570000000003,0.021410570000000004,TUSD
533,2020-05-28 08:44:56,ETHTUSD,BUY,214.2455,0.1,21.42455,0.02142455,TUSD
534,2020-05-28 08:58:47,ETHTUSD,SELL,214.1539,0.1,21.415390000000002,0.021415390000000003,TUSD
535,2020-05-28 09:00:14,ETHTUSD,SELL,214.3391,0.1,21.43391,0.02143391,TUSD
536,2020-05-28 09:01:23,ETHTUSD,BUY,214.1307,0.1,21.41307,0.021413070000000003,TUSD
537,2020-05-28 09:02:53,ETHTUSD,SELL,214.1289,0.1,21.41289,0.02141289,TUSD
538,2020-05-28 09:34:42,ETHTUSD,BUY,214.9548,0.1,21.49548,0.02149548,TUSD
539,2020-05-28 09:43:55,ETHTUSD,BUY,214.4903,0.1,21.44903,0.02144903,TUSD
540,2020-05-28 10:26:07,ETHTUSD,BUY,214.4953,0.1,21.44953,0.02144953,TUSD
541,2020-05-28 10:28:33,ETHTUSD,BUY,214.3454,0.1,21.434540000000002,0.021434540000000002,TUSD
542,2020-05-28 11:10:10,ETHTUSD,BUY,215.2096,0.1,21.520960000000002,0.021520960000000002,TUSD
543,2020-05-28 11:12:09,ETHTUSD,BUY,215.0298,0.1,21.50298,0.02150298,TUSD
544,2020-05-28 11:15:26,ETHTUSD,BUY,214.3954,0.1,21.43954,0.02143954,TUSD
545,2020-05-28 12:00:09,ETHTUSD,BUY,213.5912,0.1,21.35912,0.021359120000000002,TUSD
546,2020-05-28 14:36:26,ETHTUSD,BUY,214.1356,0.1,21.413560000000004,0.021413560000000005,TUSD
547,2020-05-28 14:38:08,ETHTUSD,BUY,213.75099999999998,0.1,21.3751,0.0213751,TUSD
548,2020-05-28 15:45:29,ETHTUSD,SELL,217.1069,0.1,21.71069,0.02171069,TUSD
549,2020-05-28 15:47:18,ETHTUSD,BUY,216.8929,0.1,21.68929,0.02168929,TUSD
550,2020-05-28 16:01:08,ETHTUSD,SELL,217.0969,0.1,21.709690000000002,0.021709690000000004,TUSD
551,2020-05-28 16:04:01,ETHTUSD,BUY,217.0727,0.1,21.70727,0.02170727,TUSD
552,2020-05-28 16:13:57,ETHTUSD,SELL,217.5623,0.1,21.756230000000002,0.02175623,TUSD
553,2020-05-28 16:16:26,ETHTUSD,SELL,218.6084,0.1,21.86084,0.02186084,TUSD
554,2020-05-28 16:19:10,ETHTUSD,BUY,218.8959,0.1,21.889590000000002,0.021889590000000004,TUSD
555,2020-05-28 16:28:50,ETHTUSD,SELL,219.7696,0.1,21.976960000000002,0.021976960000000004,TUSD
556,2020-05-28 16:29:56,ETHTUSD,BUY,220.0198,0.1,22.001980000000003,0.022001980000000004,TUSD
557,2020-05-28 16:31:56,ETHTUSD,BUY,220.3145,0.1,22.031450000000003,0.022031450000000005,TUSD
558,2020-05-28 16:37:02,ETHTUSD,BUY,219.755,0.1,21.9755,0.021975500000000002,TUSD
559,2020-05-28 16:48:48,ETHTUSD,BUY,218.4413,0.1,21.844130000000003,0.021844130000000003,TUSD
560,2020-05-28 16:55:23,ETHTUSD,SELL,219.4242,0.1,21.942420000000002,0.021942420000000004,TUSD
561,2020-05-28 16:59:52,ETHTUSD,SELL,220.1649,0.1,22.01649,0.022016490000000003,TUSD
562,2020-05-28 17:01:00,ETHTUSD,SELL,221.236,0.1,22.1236,0.0221236,TUSD
563,2020-05-28 17:02:25,ETHTUSD,SELL,222.227,0.1,22.222700000000003,0.022222700000000005,TUSD
564,2020-05-28 17:03:51,ETHTUSD,BUY,221.9229,0.1,22.19229,0.02219229,TUSD
565,2020-05-28 17:05:11,ETHTUSD,SELL,221.9768,0.1,22.197680000000002,0.02219768,TUSD
566,2020-05-28 17:28:41,ETHTUSD,SELL,221.6114,0.1,22.161140000000003,0.022161140000000003,TUSD
567,2020-05-28 17:31:21,ETHTUSD,SELL,221.7866,0.1,22.17866,0.022178660000000003,TUSD
568,2020-05-28 17:33:32,ETHTUSD,SELL,222.7475,0.1,22.27475,0.022274750000000003,TUSD
569,2020-05-28 17:34:37,ETHTUSD,BUY,224.0208,0.1,22.40208,0.02240208,TUSD
570,2020-05-28 17:37:58,ETHTUSD,BUY,223.9059,0.1,22.390590000000003,0.022390590000000002,TUSD
571,2020-05-28 17:42:09,ETHTUSD,BUY,222.5173,0.1,22.251730000000002,0.02225173,TUSD
572,2020-05-28 17:52:30,ETHTUSD,BUY,223.0018,0.1,22.30018,0.022300180000000003,TUSD
573,2020-05-28 17:55:02,ETHTUSD,BUY,221.9428,0.1,22.194280000000003,0.022194280000000004,TUSD
574,2020-05-28 18:05:34,ETHTUSD,BUY,222.6921,0.1,22.26921,0.02226921,TUSD
575,2020-05-28 18:07:53,ETHTUSD,BUY,222.0527,0.1,22.20527,0.02220527,TUSD
576,2020-05-28 18:43:40,ETHTUSD,BUY,220.4593,0.1,22.045930000000002,0.022045930000000002,TUSD
577,2020-05-28 19:10:01,ETHTUSD,BUY,221.0138,0.1,22.101380000000002,0.022101380000000004,TUSD
578,2020-05-28 19:32:40,ETHTUSD,SELL,222.1069,0.1,22.21069,0.02221069,TUSD
579,2020-05-28 20:10:26,ETHTUSD,BUY,222.2975,0.1,22.229750000000003,0.022229750000000003,TUSD
580,2020-05-28 20:11:50,ETHTUSD,BUY,222.0677,0.1,22.206770000000002,0.022206770000000004,TUSD
581,2020-05-28 20:13:02,ETHTUSD,BUY,221.82299999999998,0.1,22.182299999999998,0.0221823,TUSD
582,2020-05-28 22:13:52,ETHTUSD,BUY,220.4343,0.1,22.04343,0.022043430000000003,TUSD
583,2020-05-28 22:15:03,ETHTUSD,BUY,219.6351,0.1,21.96351,0.02196351,TUSD
584,2020-05-28 22:54:17,ETHTUSD,SELL,220.9507,0.1,22.095070000000003,0.022095070000000005,TUSD
585,2020-05-28 23:39:42,ETHTUSD,BUY,221.7081,0.1,22.170810000000003,0.022170810000000003,TUSD
586,2020-05-29 01:14:05,ETHTUSD,SELL,222.4122,0.1,22.241220000000002,0.022241220000000003,TUSD
587,2020-05-29 01:20:34,ETHTUSD,BUY,222.3724,0.1,22.23724,0.022237240000000002,TUSD
588,2020-05-29 01:23:54,ETHTUSD,BUY,220.9738,0.1,22.09738,0.022097380000000003,TUSD
589,2020-05-29 01:29:56,ETHTUSD,BUY,219.8999,0.1,21.989990000000002,0.021989990000000004,TUSD
590,2020-05-29 01:35:24,ETHTUSD,SELL,220.3251,0.1,22.032510000000002,0.02203251,TUSD
591,2020-05-29 01:36:53,ETHTUSD,SELL,220.7405,0.1,22.07405,0.02207405,TUSD
592,2020-05-29 01:37:59,ETHTUSD,BUY,220.8689,0.1,22.08689,0.02208689,TUSD
593,2020-05-29 02:28:15,ETHTUSD,BUY,219.4453,0.1,21.94453,0.02194453,TUSD
594,2020-05-29 02:37:22,ETHTUSD,SELL,219.7045,0.1,21.97045,0.02197045,TUSD
595,2020-05-29 03:00:21,ETHTUSD,BUY,219.5352,0.1,21.95352,0.02195352,TUSD
596,2020-05-29 03:40:23,ETHTUSD,BUY,218.9358,0.1,21.89358,0.02189358,TUSD
597,2020-05-29 03:42:39,ETHTUSD,BUY,218.796,0.1,21.8796,0.0218796,TUSD
598,2020-05-29 04:00:08,ETHTUSD,BUY,217.8619,0.1,21.78619,0.02178619,TUSD
599,2020-05-29 04:40:07,ETHTUSD,BUY,219.0407,0.1,21.90407,0.02190407,TUSD
600,2020-05-29 04:47:21,ETHTUSD,BUY,218.8409,0.1,21.88409,0.021884090000000002,TUSD
601,2020-05-29 05:00:37,ETHTUSD,BUY,218.6012,0.1,21.860120000000002,0.021860120000000004,TUSD
602,2020-05-29 05:06:38,ETHTUSD,SELL,218.4232,0.1,21.84232,0.021842320000000002,TUSD
603,2020-05-29 07:05:55,ETHTUSD,SELL,220.3451,0.1,22.03451,0.02203451,TUSD
604,2020-05-29 08:19:50,ETHTUSD,BUY,218.4014,0.1,21.84014,0.02184014,TUSD
605,2020-05-29 08:21:19,ETHTUSD,SELL,218.6584,0.1,21.865840000000002,0.02186584,TUSD
606,2020-05-29 09:47:29,ETHTUSD,SELL,221.1459,0.1,22.114590000000003,0.022114590000000003,TUSD
607,2020-05-29 09:54:02,ETHTUSD,SELL,221.8566,0.1,22.18566,0.02218566,TUSD
608,2020-05-29 09:55:53,ETHTUSD,SELL,221.8867,0.1,22.188670000000002,0.022188670000000004,TUSD
609,2020-05-29 09:59:21,ETHTUSD,BUY,221.9179,0.1,22.19179,0.022191790000000003,TUSD
610,2020-05-29 10:15:15,ETHTUSD,BUY,221.6282,0.1,22.16282,0.02216282,TUSD
611,2020-05-29 10:25:38,ETHTUSD,BUY,222.0078,0.1,22.20078,0.022200780000000003,TUSD
612,2020-05-29 10:27:57,ETHTUSD,BUY,221.82299999999998,0.1,22.182299999999998,0.0221823,TUSD
613,2020-05-29 10:32:53,ETHTUSD,BUY,221.3285,0.1,22.13285,0.022132850000000003,TUSD
614,2020-05-29 10:38:16,ETHTUSD,SELL,221.4312,0.1,22.14312,0.02214312,TUSD
615,2020-05-29 10:43:11,ETHTUSD,BUY,221.0188,0.1,22.10188,0.02210188,TUSD
